{
    "__comment": "Made with TheDestruc7i0n's advancements generator: https://advancements.thedestruc7i0n.ca",
    "display": {
        "title": "It's Red",
        "description": "starting with redstone",
        "icon": {
            "item": "minecraft:stone"
        },
        "frame": "task",
        "show_toast": true,
        "announce_to_chat": true,
        "hidden": false
    },
    "criteria": {
        "Red": {
            "trigger": "minecraft:inventory_changed",
            "conditions": {
                "items": [
                    {
                        "item": "redstone",
                        "count": {
                            "min": 1,
                            "max": 64
                        }
                    }
                ]
            }
        }
    },
    "rewards": {
        "experience": 10
    },
    "parent": "adventure:root"
}